date,time,status,icon,rainProb,rainIntensity,temp,windSpeed
2020-02-19,11:37:05,"Possible Drizzle",rain,0.25,0.0035,6,23.87
2020-02-19,11:39:40,"Possible Drizzle",rain,0.25,0.0036,6,23.86
2020-02-19,13:00:04,"Mostly Cloudy",partly-cloudy-day,0.23,0.0026,6,22.86
2020-02-19,14:00:02,"Mostly Cloudy",partly-cloudy-day,0.17,0.0011,6,21.32
2020-02-19,15:00:02,"Mostly Cloudy",partly-cloudy-day,0.15,0.0007,6,19.8
2020-02-19,16:00:03,"Mostly Cloudy",partly-cloudy-day,0.13,0.0006,6,18.66
2020-02-19,17:00:01,"Mostly Cloudy",partly-cloudy-night,0.11,0.0005,5,16.95
2020-02-19,18:00:06,"Mostly Cloudy",partly-cloudy-night,0.08,0.0004,5,15.64
2020-02-19,19:00:01,"Mostly Cloudy",partly-cloudy-night,0.06,0.0003,5,14.75
2020-02-19,22:00:06,"Partly Cloudy",partly-cloudy-night,0.17,0.0008,4,15.32
2020-02-19,23:00:03,"Possible Drizzle",rain,0.46,0.0036,5,16.3
2020-02-20,00:00:03,"Possible Drizzle",rain,0.51,0.0049,5,17.23
2020-02-20,01:00:03,"Possible Drizzle",rain,0.56,0.0093,5,17.99
2020-02-20,02:00:04,"Possible Drizzle",rain,0.48,0.0155,6,18.65
2020-02-20,03:00:02,"Possible Light Rain",rain,0.39,0.0186,7,19.1
2020-02-20,04:00:03,"Possible Drizzle",rain,0.41,0.0144,7,19.45
2020-02-20,05:00:03,"Possible Drizzle",rain,0.39,0.0078,7,19.82
2020-02-20,06:00:03,Overcast,cloudy,0.19,0.004,8,20.34
2020-02-20,07:00:05,Overcast,cloudy,0.15,0.003,8,21.77
2020-02-20,08:00:02,Overcast,cloudy,0.17,0.0029,8,23.02
2020-02-20,09:00:03,Overcast,cloudy,0.18,0.0031,8,23.72
2020-02-20,10:00:03,"Windy and Overcast",wind,0.18,0.0029,8,24.69
2020-02-20,11:00:02,"Windy and Overcast",wind,0.15,0.0028,9,24.96
2020-02-20,12:00:04,"Windy and Overcast",wind,0.17,0.0026,9,25.97
2020-02-20,13:00:03,"Possible Drizzle and Windy",rain,0.27,0.0027,9,27.32
2020-02-20,14:00:02,"Possible Drizzle and Windy",rain,0.28,0.003,8,27.18
2020-02-20,15:00:01,"Possible Drizzle and Windy",rain,0.38,0.0048,8,27.19
2020-02-20,16:00:01,"Possible Drizzle and Windy",rain,0.57,0.0122,8,27.89
2020-02-20,17:00:04,"Light Rain and Dangerously Windy",rain,0.73,0.0282,8,28.83
2020-02-20,18:00:04,"Light Rain and Dangerously Windy",rain,0.78,0.0416,8,29.44
2020-02-20,19:00:02,"Light Rain and Dangerously Windy",rain,0.79,0.0476,7,29.52
2020-02-20,20:00:01,"Light Rain and Dangerously Windy",rain,0.74,0.0371,6,29.02
2020-02-20,21:00:04,"Possible Light Rain and Windy",rain,0.64,0.0271,5,31.67
2020-02-20,22:00:02,"Possible Drizzle and Windy",rain,0.58,0.0153,5,27.56
2020-02-20,23:00:03,"Possible Drizzle and Windy",rain,0.39,0.005,5,26.64
2020-02-21,00:00:07,"Windy and Mostly Cloudy",wind,0.14,0.0007,5,26.18
2020-02-21,01:00:01,"Windy and Mostly Cloudy",wind,0.09,0.0003,5,26.32
2020-02-21,02:00:02,"Windy and Mostly Cloudy",wind,0.09,0.0005,5,26.09
2020-02-21,03:00:02,Overcast,cloudy,0.09,0.0009,6,24.6
2020-02-21,04:00:02,Overcast,cloudy,0.09,0.001,5,24.49
2020-02-21,05:00:01,Overcast,cloudy,0.11,0.0011,5,23.04
2020-02-21,06:00:04,Overcast,cloudy,0.08,0.0009,5,21.9
2020-02-21,07:00:04,Overcast,cloudy,0.07,0.0005,6,21.21
2020-02-21,08:00:04,Overcast,cloudy,0.06,0.0002,6,20.84
2020-02-21,10:00:02,Overcast,cloudy,0.05,0.0002,6,22.02
2020-02-21,11:00:02,Overcast,cloudy,0.07,0.0005,6,23.5
2020-02-21,12:00:02,Overcast,cloudy,0.08,0.0006,8,24.51
2020-02-21,13:00:03,"Windy and Overcast",wind,0.08,0.0006,8,25.05
2020-02-21,14:00:05,"Windy and Overcast",wind,0.08,0.0006,8,25.28
2020-02-21,15:00:02,"Windy and Overcast",wind,0.07,0.0007,7,25.5
2020-02-21,16:00:02,"Windy and Overcast",wind,0.08,0.0009,7,25.68
2020-02-21,17:00:05,"Windy and Overcast",wind,0.09,0.0013,7,25.85
2020-02-21,18:00:05,"Windy and Overcast",wind,0.23,0.0041,8,26.11
2020-02-21,19:00:02,"Windy and Overcast",wind,0.23,0.0047,8,26.96
2020-02-21,20:00:05,"Windy and Overcast",wind,0.22,0.0052,8,27.01
2020-02-21,21:00:03,"Windy and Overcast",wind,0.19,0.005,8,27.35
2020-02-21,22:00:03,"Windy and Overcast",wind,0.12,0.0033,8,27.9
2020-02-21,23:00:02,"Windy and Overcast",wind,0.06,0.0014,8,28.72
2020-02-22,00:00:02,"Dangerously Windy and Overcast",wind,0.04,0.0007,8,30.28
2020-02-22,01:00:02,"Dangerously Windy and Overcast",wind,0.04,0.0004,8,30.86
2020-02-22,02:00:04,"Dangerously Windy and Overcast",wind,0.04,0.0005,8,31.49
2020-02-22,03:00:02,"Dangerously Windy and Overcast",wind,0.06,0.0008,8,32.27
2020-02-22,04:00:01,"Dangerously Windy and Overcast",wind,0.15,0.0016,8,33.23
2020-02-22,05:00:03,"Possible Drizzle and Dangerously Windy",rain,0.27,0.0044,8,34.39
2020-02-22,06:00:01,"Possible Drizzle and Dangerously Windy",rain,0.32,0.0084,7,35.5
2020-02-22,07:00:02,"Dangerously Windy and Overcast",wind,0.24,0.0059,8,36.75
2020-02-22,08:00:04,"Dangerously Windy and Overcast",wind,0.15,0.0038,8,37.82
2020-02-22,09:00:04,"Dangerously Windy and Overcast",wind,0.16,0.0041,9,38.78
2020-02-22,10:00:05,"Dangerously Windy and Overcast",wind,0.23,0.0073,9,39.43
2020-02-22,11:00:02,"Possible Light Rain and Dangerously Windy",rain,0.38,0.0228,10,39.72
2020-02-22,12:00:01,"Possible Light Rain and Dangerously Windy",rain,0.5,0.038,10,38.59
2020-02-22,13:00:05,"Possible Light Rain and Dangerously Windy",rain,0.51,0.0418,10,34.35
2020-02-22,14:00:03,"Possible Light Rain and Dangerously Windy",rain,0.44,0.037,9,28.56
2020-02-22,15:00:03,"Possible Light Rain and Windy",rain,0.39,0.028,9,24.8
2020-02-22,16:00:03,"Possible Drizzle and Windy",rain,0.32,0.0142,8,25.3
2020-02-22,17:00:03,"Windy and Overcast",wind,0.22,0.0034,8,27.55
2020-02-22,18:00:04,"Windy and Overcast",wind,0.09,0.001,8,29.2
2020-02-22,19:00:02,"Windy and Overcast",wind,0.1,0.0013,8,29.05
2020-02-22,20:00:01,"Windy and Overcast",wind,0.11,0.0019,8,31.16
2020-02-22,21:00:04,"Windy and Overcast",wind,0.12,0.0022,7,31.22
2020-02-22,22:00:04,"Windy and Overcast",wind,0.11,0.0015,7,29.64
2020-02-22,23:00:02,"Windy and Overcast",wind,0.09,0.0008,7,26.87
2020-02-23,00:00:01,Overcast,cloudy,0.1,0.0007,7,22.35
2020-02-23,01:00:02,Overcast,cloudy,0.19,0.0029,7,21.06
2020-02-23,02:00:04,"Possible Drizzle",rain,0.32,0.0101,7,22.24
2020-02-23,03:00:04,"Possible Light Rain",rain,0.4,0.0167,7,22.79
2020-02-23,04:00:03,"Possible Drizzle",rain,0.46,0.0142,7,23.23
2020-02-23,05:00:03,"Possible Drizzle",rain,0.54,0.0105,6,24.16
2020-02-23,06:00:05,"Light Rain",rain,0.74,0.0398,6,24.41
2020-02-23,07:00:07,"Light Rain",rain,0.84,0.0587,6,17.74
2020-02-23,08:00:03,"Light Rain",rain,0.84,0.0767,6,13.44
2020-02-23,09:00:02,"Light Rain",rain,0.84,0.0824,6,10.27
2020-02-23,10:00:03,"Light Rain",rain,0.84,0.0656,6,8.81
2020-02-23,11:00:03,"Light Rain",rain,0.8,0.0411,7,7.66
2020-02-23,12:00:02,"Light Rain",rain,0.77,0.0303,7,6.23
2020-02-23,13:00:03,"Light Rain",rain,0.74,0.0213,7,12.71
2020-02-23,14:00:02,Drizzle,rain,0.67,0.0153,8,22.05
2020-02-23,15:00:03,"Possible Drizzle and Windy",rain,0.54,0.0123,7,28.15
2020-02-23,16:00:05,"Possible Drizzle and Windy",rain,0.47,0.0087,7,30.95
2020-02-23,17:00:04,"Possible Drizzle and Windy",rain,0.37,0.0062,6,30.34
2020-02-23,18:00:01,"Possible Drizzle and Windy",rain,0.26,0.0074,6,26.05
2020-02-23,19:00:03,"Windy and Overcast",wind,0.21,0.0041,6,29.23
2020-02-23,20:00:02,"Windy and Mostly Cloudy",wind,0.12,0.0011,6,27.76
2020-02-23,21:00:02,"Windy and Mostly Cloudy",wind,0.04,0.0003,6,25.81
2020-02-24,00:00:02,"Partly Cloudy",partly-cloudy-night,0.07,0.0003,6,20.3
2020-02-24,07:00:06,"Mostly Cloudy",partly-cloudy-day,0.07,0.0004,5,10.48
2020-02-24,08:00:02,Overcast,cloudy,0.1,0.001,5,12.12
2020-02-24,09:00:02,"Possible Drizzle",rain,0.26,0.0035,5,13.52
2020-02-24,10:00:03,"Possible Drizzle",rain,0.6,0.0116,4,17.59
2020-02-24,11:00:03,"Light Rain",rain,0.76,0.0305,3,21.36
2020-02-24,12:00:02,"Light Rain",rain,0.78,0.0527,4,22.98
2020-02-24,13:00:03,"Light Rain",rain,0.8,0.0712,5,22.41
2020-02-24,14:00:03,"Light Rain",rain,0.82,0.0854,6,20.53
2020-02-24,15:00:03,"Light Rain and Windy",rain,0.82,0.0881,7,20.03
2020-02-24,16:00:03,"Light Rain and Windy",rain,0.79,0.0733,8,23.02
2020-02-24,17:00:03,"Light Rain and Windy",rain,0.72,0.0521,9,27.09
2020-02-24,18:00:07,"Possible Light Rain and Dangerously Windy",rain,0.62,0.0277,9,28.19
2020-02-24,19:00:02,"Possible Light Rain and Dangerously Windy",rain,0.61,0.0164,10,28.92
2020-02-24,20:00:05,"Possible Drizzle and Windy",rain,0.51,0.0103,10,28.34
2020-02-24,21:00:01,"Possible Drizzle and Windy",rain,0.42,0.0072,9,27.82
2020-02-24,22:00:07,"Possible Drizzle and Windy",rain,0.33,0.0037,9,29.99
2020-02-24,23:00:01,"Windy and Overcast",wind,0.21,0.0014,8,30.66
2020-02-25,00:00:04,"Windy and Mostly Cloudy",wind,0.16,0.001,7,30.66
2020-02-25,01:00:04,"Windy and Mostly Cloudy",wind,0.13,0.0006,6,29.99
2020-02-25,02:00:01,"Windy and Mostly Cloudy",wind,0.12,0.0004,6,29.68
2020-02-25,03:00:03,"Windy and Mostly Cloudy",wind,0.12,0.0005,5,29.42
2020-02-25,04:00:04,"Windy and Mostly Cloudy",wind,0.13,0.0007,5,29.23
2020-02-25,05:00:03,"Windy and Mostly Cloudy",wind,0.15,0.001,5,28.62
2020-02-25,06:00:03,"Windy and Mostly Cloudy",wind,0.15,0.0018,5,26.34
2020-02-25,07:00:03,"Windy and Mostly Cloudy",wind,0.22,0.002,5,27.74
2020-02-25,08:00:02,"Possible Drizzle and Windy",rain,0.26,0.0025,5,28.38
2020-02-25,09:00:03,"Possible Drizzle and Windy",rain,0.35,0.0032,6,28.7
2020-02-25,10:00:03,"Possible Drizzle and Windy",rain,0.39,0.0036,6,28.56
2020-02-25,11:00:02,"Possible Drizzle and Windy",rain,0.33,0.0041,6,28.13
2020-02-25,12:00:03,"Possible Drizzle and Windy",rain,0.32,0.0047,6,27.8
2020-02-25,13:00:02,"Possible Drizzle and Windy",rain,0.39,0.0063,5,26.21
2020-02-25,14:00:03,"Possible Drizzle",rain,0.49,0.0089,5,24.02
2020-02-25,15:00:03,"Possible Drizzle",rain,0.51,0.0106,5,21.89
2020-02-25,16:00:01,"Possible Drizzle",rain,0.42,0.0094,4,19.72
2020-02-25,17:00:02,"Possible Drizzle",rain,0.42,0.0084,4,17.5
2020-02-25,18:00:02,"Mostly Cloudy",partly-cloudy-night,0.15,0.003,4,15.9
2020-02-25,19:00:03,"Possible Drizzle",rain,0.29,0.0024,5,13.34
2020-02-25,20:00:01,"Possible Drizzle",rain,0.3,0.0011,4,12.28
2020-02-25,21:00:02,"Possible Drizzle",rain,0.3,0.0006,4,11.25
2020-02-25,22:00:04,"Possible Drizzle",rain,0.29,0.0006,4,10.31
2020-02-25,23:00:04,Clear,clear-night,0.1,0.0007,3,9.57
2020-02-26,00:00:01,Clear,clear-night,0.08,0.0003,3,9.34
2020-02-26,01:00:01,"Partly Cloudy",partly-cloudy-night,0.1,0.0006,3,8.37
2020-02-26,02:00:01,"Mostly Cloudy",partly-cloudy-night,0.15,0.0022,3,7.4
2020-02-26,03:00:01,Overcast,cloudy,0.17,0.0034,3,6.79
2020-02-26,04:00:06,Overcast,cloudy,0.13,0.002,3,6.83
2020-02-26,05:00:02,Overcast,cloudy,0.07,0.0007,3,7.22
2020-02-26,06:00:05,Overcast,cloudy,0.24,0.0028,3,9.19
2020-02-26,07:00:03,"Mostly Cloudy",partly-cloudy-day,0.22,0.0021,4,9.84
2020-02-26,08:00:03,"Mostly Cloudy",partly-cloudy-day,0.2,0.0018,5,10.5
2020-02-26,09:00:03,"Partly Cloudy",partly-cloudy-day,0.21,0.0026,5,11.51
2020-02-26,10:00:05,"Possible Drizzle",rain,0.27,0.005,6,13.31
2020-02-26,11:00:03,"Possible Drizzle",rain,0.4,0.0091,6,15.52
2020-02-26,12:00:03,"Possible Drizzle",rain,0.43,0.0121,6,16.94
2020-02-26,13:00:03,"Possible Drizzle",rain,0.42,0.0106,6,16.68
2020-02-26,14:00:03,"Possible Drizzle",rain,0.39,0.0075,6,15.62
2020-02-26,15:00:01,"Possible Drizzle",rain,0.36,0.0056,5,14.76
2020-02-26,16:00:01,"Possible Drizzle",rain,0.33,0.0053,5,14.31
2020-02-26,17:00:01,"Possible Drizzle",rain,0.33,0.0055,5,14.01
2020-02-26,18:00:01,"Possible Drizzle",rain,0.41,0.0077,4,14.54
2020-02-26,19:00:02,"Possible Drizzle",rain,0.39,0.0073,4,14.89
2020-02-26,20:00:02,"Possible Drizzle",rain,0.35,0.0053,4,14.44
2020-02-26,21:00:05,"Possible Drizzle",rain,0.29,0.0042,4,15.07
2020-02-26,22:00:03,"Partly Cloudy",partly-cloudy-night,0.2,0.0027,4,14.71
2020-02-26,23:00:01,Clear,clear-night,0.14,0.0016,4,13.9
2020-02-27,00:00:02,Clear,clear-night,0.11,0.0012,4,13.34
2020-02-27,01:00:02,Clear,clear-night,0.09,0.0008,3,13.18
2020-02-27,02:00:03,Clear,clear-night,0.15,0.0022,3,13.2
2020-02-27,03:00:05,Clear,clear-night,0.19,0.0036,3,13.14
2020-02-27,04:00:03,Clear,clear-night,0.19,0.0028,3,12.9
2020-02-27,05:00:02,"Partly Cloudy",partly-cloudy-night,0.16,0.0015,3,12.58
2020-02-27,06:00:01,"Partly Cloudy",partly-cloudy-night,0.18,0.0015,3,12.56
2020-02-27,07:00:03,"Mostly Cloudy",partly-cloudy-day,0.18,0.0006,2,13.3
2020-02-27,11:00:02,"Possible Drizzle",rain,0.3,0.001,5,13.05
2020-02-27,12:00:03,"Possible Drizzle",rain,0.45,0.0033,4,12.12
2020-02-27,13:00:05,"Possible Drizzle",rain,0.52,0.0052,4,10.64
2020-02-27,14:00:04,"Possible Drizzle",rain,0.58,0.0079,4,8.87
2020-02-27,15:00:04,"Possible Drizzle",rain,0.63,0.0113,4,7.74
2020-02-27,16:00:01,"Light Rain",rain,0.66,0.0165,3,7.48
2020-02-27,17:00:02,"Light Rain",rain,0.67,0.0242,3,7.83
2020-02-27,18:00:01,"Light Rain",rain,0.66,0.0233,3,9.33
2020-02-27,19:00:05,"Possible Drizzle",rain,0.55,0.0087,4,11.52
2020-02-27,20:00:03,"Possible Drizzle",rain,0.44,0.0081,4,15.27
2020-02-27,21:00:03,"Possible Drizzle",rain,0.29,0.0075,5,18.51
2020-02-27,22:00:03,Overcast,cloudy,0.22,0.0046,4,18.51
2020-02-27,23:00:03,"Mostly Cloudy",partly-cloudy-night,0.14,0.002,4,17.9
2020-02-28,00:00:02,"Partly Cloudy",partly-cloudy-night,0.03,0.0003,4,17.14
2020-02-28,03:00:01,Clear,clear-night,0.06,0.0003,4,15.58
2020-02-28,04:00:04,Clear,clear-night,0.06,0.0002,4,14.83
2020-02-28,07:00:04,Clear,clear-day,0.08,0.0003,4,13.99
2020-02-28,08:00:02,"Partly Cloudy",partly-cloudy-day,0.09,0.0002,5,13.95
2020-02-28,16:00:03,Overcast,cloudy,0.18,0.0014,5,18.07
2020-02-28,17:00:01,"Possible Drizzle",rain,0.29,0.0079,5,20.29
2020-02-28,18:00:01,"Possible Drizzle",rain,0.42,0.0153,4,23.64
2020-02-28,19:00:01,"Possible Light Rain and Windy",rain,0.42,0.0285,4,25.25
2020-02-28,20:00:04,"Possible Light Rain and Windy",rain,0.53,0.0476,3,26.12
2020-02-28,21:00:01,"Possible Light Rain and Windy",rain,0.62,0.0627,3,26.3
2020-02-28,22:00:02,"Light Rain and Windy",rain,0.66,0.0597,4,25.57
2020-02-28,23:00:02,"Light Rain and Windy",rain,0.67,0.0468,6,24.26
2020-02-29,00:00:02,"Possible Light Rain and Windy",rain,0.64,0.0393,7,22.34
2020-02-29,01:00:01,"Light Rain and Windy",rain,0.65,0.0374,8,22.17
2020-02-29,02:00:04,"Light Rain and Windy",rain,0.67,0.0379,8,23.25
2020-02-29,03:00:02,"Possible Light Rain and Windy",rain,0.62,0.0348,8,23.48
2020-02-29,04:00:03,"Possible Light Rain and Windy",rain,0.49,0.0251,8,22.56
2020-02-29,05:00:02,"Possible Drizzle and Windy",rain,0.54,0.0146,8,21.1
2020-02-29,06:00:02,"Possible Drizzle",rain,0.55,0.0078,8,20.17
2020-02-29,07:00:03,"Possible Drizzle",rain,0.48,0.0045,9,21.37
2020-02-29,08:00:03,Overcast,cloudy,0.22,0.0012,9,22.48
2020-02-29,09:00:01,Overcast,cloudy,0.06,0.0003,9,23.27
2020-02-29,12:00:04,Overcast,cloudy,0.24,0.0003,11,24.18
2020-02-29,13:00:02,"Possible Drizzle and Windy",rain,0.45,0.0057,10,26.79
2020-02-29,14:00:01,"Light Rain and Windy",rain,0.69,0.0237,9,30.28
2020-02-29,15:00:02,"Light Rain and Windy",rain,0.77,0.0371,8,31.91
2020-02-29,16:00:01,"Light Rain and Windy",rain,0.73,0.0225,7,29.77
2020-02-29,17:00:01,"Possible Drizzle and Windy",rain,0.52,0.005,6,25.79
2020-02-29,18:00:02,"Mostly Cloudy",partly-cloudy-night,0.19,0.0018,6,24.1
2020-02-29,19:00:02,"Windy and Mostly Cloudy",wind,0.16,0.0011,6,26.01
2020-02-29,20:00:02,"Windy and Partly Cloudy",wind,0.13,0.0008,6,26.23
2020-02-29,21:00:03,Windy,wind,0.24,0.0007,5,26.6
2020-02-29,22:00:03,Windy,wind,0.22,0.0013,5,26.85
2020-02-29,23:00:03,"Possible Drizzle and Windy",rain,0.26,0.0038,5,27.18
2020-03-01,00:00:03,"Possible Drizzle and Windy",rain,0.38,0.007,5,28.02
2020-03-01,01:00:03,"Possible Drizzle and Windy",rain,0.42,0.0099,5,27.93
2020-03-01,02:00:03,"Possible Drizzle and Windy",rain,0.49,0.0132,5,27.69
2020-03-01,03:00:03,"Possible Drizzle and Windy",rain,0.54,0.0154,5,27.48
2020-03-01,04:00:02,"Possible Drizzle and Windy",rain,0.5,0.0141,5,27.29
2020-03-01,05:00:02,"Possible Drizzle and Windy",rain,0.39,0.0111,5,27.11
2020-03-01,06:00:03,"Possible Drizzle and Windy",rain,0.31,0.0086,5,26.81
2020-03-01,07:00:02,"Possible Drizzle and Windy",rain,0.26,0.0027,5,27.94
2020-03-01,08:00:03,"Possible Drizzle and Windy",rain,0.34,0.0047,5,26.36
2020-03-01,09:00:04,"Possible Drizzle and Windy",rain,0.38,0.0064,6,25.38
2020-03-01,10:00:04,"Possible Drizzle and Windy",rain,0.37,0.0062,6,25.7
2020-03-01,11:00:02,"Possible Drizzle and Windy",rain,0.33,0.0052,7,26.63
2020-03-01,12:00:02,"Possible Drizzle and Windy",rain,0.3,0.0062,7,27.12
2020-03-01,13:00:01,"Possible Drizzle and Windy",rain,0.3,0.0049,8,26.59
2020-03-01,14:00:02,"Possible Drizzle and Windy",rain,0.3,0.0029,7,25.63
2020-03-01,15:00:01,"Possible Drizzle",rain,0.3,0.0016,7,24.16
2020-03-01,16:00:02,Clear,clear-day,0.24,0.0009,6,21.82
2020-03-01,17:00:02,Clear,clear-day,0.2,0.0005,6,18.94
2020-03-01,18:00:03,Clear,clear-night,0.21,0.0014,6,16.68
2020-03-01,19:00:02,"Partly Cloudy",partly-cloudy-night,0.2,0.001,5,14.97
2020-03-01,23:00:03,Overcast,cloudy,0.14,0.0006,5,15.01
2020-03-02,00:00:02,"Partly Cloudy",partly-cloudy-night,0.12,0.0003,5,15.23
2020-03-02,06:00:02,Clear,clear-night,0.16,0.0007,4,16.24
2020-03-02,07:00:01,"Partly Cloudy",partly-cloudy-day,0.15,0.0006,3,14.87
2020-03-02,08:00:02,"Mostly Cloudy",partly-cloudy-day,0.14,0.0003,4,14.51
2020-03-02,09:00:03,Overcast,cloudy,0.13,0.0002,4,13.09
2020-03-02,10:00:01,Overcast,cloudy,0.14,0.0003,5,14.34
2020-03-02,11:00:01,Overcast,cloudy,0.16,0.0005,6,14.53
2020-03-02,12:00:04,Overcast,cloudy,0.17,0.0007,6,14.17
2020-03-02,13:00:02,Overcast,cloudy,0.2,0.0005,6,11.95
2020-03-02,14:00:02,"Possible Drizzle",rain,0.26,0.0005,7,9.57
2020-03-02,15:00:01,"Possible Drizzle",rain,0.33,0.0013,7,7.96
2020-03-02,16:00:03,"Possible Drizzle",rain,0.48,0.0053,7,7.79
2020-03-02,17:00:04,"Possible Drizzle",rain,0.63,0.0149,6,8.33
2020-03-02,18:00:01,"Light Rain",rain,0.76,0.047,5,4.1
2020-03-02,19:00:03,"Light Rain",rain,0.72,0.0385,5,5.03
2020-03-02,20:00:03,"Light Rain",rain,0.68,0.026,5,6.77
2020-03-02,21:00:03,"Possible Light Rain",rain,0.63,0.0187,5,8.38
2020-03-02,22:00:03,"Possible Drizzle",rain,0.56,0.0111,5,9.53
2020-03-02,23:00:01,"Possible Drizzle",rain,0.37,0.0041,5,10.51
2020-03-03,00:00:05,Overcast,cloudy,0.24,0.001,5,11.22
2020-03-03,01:00:03,Overcast,cloudy,0.23,0.0004,5,13.48
2020-03-03,06:00:03,"Partly Cloudy",partly-cloudy-night,0.12,0.0002,3,9.97
2020-03-03,10:00:03,Clear,clear-day,0.17,0.0004,6,13.28
2020-03-03,11:00:02,Clear,clear-day,0.22,0.0022,7,14.12
2020-03-03,12:00:02,"Possible Drizzle",rain,0.32,0.0043,7,14.56
2020-03-03,13:00:03,"Possible Drizzle",rain,0.35,0.0044,7,14.23
2020-03-03,14:00:03,"Possible Drizzle",rain,0.32,0.0033,7,13.47
2020-03-03,15:00:01,"Possible Drizzle",rain,0.29,0.0022,6,12.6
2020-03-03,16:00:04,"Partly Cloudy",partly-cloudy-day,0.24,0.0015,6,11.54
2020-03-03,17:00:02,Clear,clear-day,0.21,0.001,5,10.36
2020-03-03,18:00:02,Clear,clear-night,0.21,0.0011,5,9.47
2020-03-03,19:00:04,Clear,clear-night,0.1,0.0004,4,7.37
2020-03-03,20:00:03,Clear,clear-night,0.02,0.0003,4,7.22
2020-03-03,21:00:07,Clear,clear-night,0.02,0.0003,3,7.35
2020-03-03,22:00:03,Clear,clear-night,0.02,0.0002,3,7.91
2020-03-04,03:00:03,Clear,clear-night,0.05,0.0003,2,8.75
2020-03-04,09:00:02,Clear,clear-day,0.1,0.0002,5,9.18
2020-03-04,10:00:03,Clear,clear-day,0.12,0.0011,6,10.79
2020-03-04,11:00:02,Clear,clear-day,0.22,0.0045,7,12.95
2020-03-04,12:00:03,"Possible Drizzle",rain,0.25,0.0051,8,14.47
2020-03-04,13:00:01,"Possible Drizzle",rain,0.25,0.0053,8,14.01
2020-03-04,14:00:03,"Partly Cloudy",partly-cloudy-day,0.18,0.0046,7,13.11
2020-03-04,15:00:02,"Partly Cloudy",partly-cloudy-day,0.11,0.0036,7,11.82
2020-03-04,16:00:03,"Partly Cloudy",partly-cloudy-day,0.09,0.0022,6,10.1
2020-03-04,17:00:05,"Partly Cloudy",partly-cloudy-day,0.08,0.001,6,7.99
2020-03-04,18:00:02,"Mostly Cloudy",partly-cloudy-night,0.06,0.001,5,6.29
2020-03-04,19:00:02,"Mostly Cloudy",partly-cloudy-night,0.05,0.0002,5,5.04
2020-03-05,03:00:01,Overcast,cloudy,0.06,0.0002,2,5.08
2020-03-05,10:28:36,"Partly Cloudy",partly-cloudy-day,0,0,5,11.48
2020-03-05,11:00:03,"Partly Cloudy",partly-cloudy-day,0,0,6,12.37
2020-03-05,12:00:01,"Partly Cloudy",partly-cloudy-day,0,0,7,13.68
2020-03-05,13:00:05,"Partly Cloudy",partly-cloudy-day,0,0,7,14.55
2020-03-05,14:00:03,"Mostly Cloudy",partly-cloudy-day,0.06,0.0002,7,15.24
2020-03-05,15:00:03,Overcast,cloudy,0.09,0.0004,7,16.03
2020-03-05,16:00:03,Overcast,cloudy,0.06,0.0002,7,16.47
2020-03-05,17:00:03,Overcast,cloudy,0.09,0.0003,6,16.48
2020-03-05,18:00:02,Overcast,cloudy,0.19,0.0014,6,15.38
2020-03-05,19:00:01,"Possible Drizzle",rain,0.26,0.0015,6,15.9
2020-03-05,20:00:01,"Possible Drizzle",rain,0.29,0.0021,6,16.79
2020-03-05,21:00:02,"Possible Drizzle",rain,0.29,0.0028,6,17.64
2020-03-05,22:00:04,"Possible Drizzle",rain,0.31,0.0033,6,19.44
2020-03-05,23:00:01,"Possible Drizzle",rain,0.3,0.0036,6,20.03
2020-03-06,00:00:03,"Possible Drizzle",rain,0.32,0.0047,6,20.13
2020-03-06,01:00:02,"Possible Drizzle",rain,0.34,0.0046,5,19.7
2020-03-06,02:00:03,"Possible Drizzle",rain,0.32,0.0049,5,19
2020-03-06,03:00:04,"Possible Drizzle",rain,0.31,0.0051,5,18.64
2020-03-06,04:00:01,"Possible Drizzle",rain,0.3,0.0046,4,18.89
2020-03-06,05:00:01,"Possible Drizzle",rain,0.3,0.0045,4,19.43
2020-03-06,06:00:02,Overcast,cloudy,0.13,0.0008,5,19.79
2020-03-06,07:00:02,Overcast,cloudy,0.15,0.0007,5,18.97
2020-03-06,08:00:01,Overcast,cloudy,0.13,0.0006,5,19.17
2020-03-06,09:00:03,Overcast,cloudy,0.11,0.0006,6,19.3
2020-03-06,10:00:04,Overcast,cloudy,0.1,0.0009,6,20.57
2020-03-06,11:00:02,Overcast,cloudy,0.1,0.0013,6,20.19
2020-03-06,12:00:06,Overcast,cloudy,0.1,0.0016,6,19.72
2020-03-06,13:00:03,Overcast,cloudy,0.1,0.0017,7,19.33
2020-03-06,14:00:03,Overcast,cloudy,0.1,0.002,6,18.95
2020-03-06,15:00:03,Overcast,cloudy,0.1,0.0023,6,17.99
2020-03-06,16:00:03,Overcast,cloudy,0.12,0.0019,6,17.43
2020-03-06,17:00:03,Overcast,cloudy,0.12,0.0014,6,16.89
2020-03-06,18:00:04,Overcast,cloudy,0.13,0.0012,6,16.12
2020-03-06,19:00:01,Overcast,cloudy,0.09,0.0003,5,13.94
2020-03-06,20:00:01,Overcast,cloudy,0,0,5,13.44
2020-03-06,21:00:01,Overcast,cloudy,0,0,5,13.06
2020-03-06,22:00:01,Overcast,cloudy,0,0,5,12.97
2020-03-06,23:00:02,"Mostly Cloudy",partly-cloudy-night,0.07,0.0003,5,13.04
2020-03-07,00:00:06,"Mostly Cloudy",partly-cloudy-night,0.07,0.0004,5,12.69
2020-03-07,01:00:02,"Partly Cloudy",partly-cloudy-night,0.04,0.0004,5,13.84
2020-03-07,02:00:03,Clear,clear-night,0.04,0.0003,5,13.12
2020-03-07,03:00:05,Clear,clear-night,0.04,0.0003,4,12.2
2020-03-07,04:00:01,Clear,clear-night,0,0,4,11.12
2020-03-07,05:00:01,Clear,clear-night,0,0,3,9.92
2020-03-07,06:00:02,Clear,clear-night,0,0,4,9.03
2020-03-07,07:00:02,Clear,clear-day,0,0,4,7.14
2020-03-07,08:00:04,Clear,clear-day,0,0,5,6.96
2020-03-07,09:00:02,Clear,clear-day,0,0,6,7.39
2020-03-07,10:00:03,Clear,clear-day,0,0,7,8.84
2020-03-07,11:00:04,Clear,clear-day,0,0,8,10.9
2020-03-07,12:00:03,Clear,clear-day,0,0,8,12.71
2020-03-07,13:00:01,Clear,clear-day,0,0,9,13.9
2020-03-07,14:00:03,Clear,clear-day,0.06,0.0004,9,15.19
2020-03-07,15:00:01,"Partly Cloudy",partly-cloudy-day,0.05,0.0007,9,15.95
2020-03-07,16:00:03,"Partly Cloudy",partly-cloudy-day,0.04,0.0005,8,15.62
2020-03-07,17:00:05,"Partly Cloudy",partly-cloudy-day,0.03,0.0003,8,14.7
2020-03-07,18:00:03,"Partly Cloudy",partly-cloudy-night,0,0,7,14.29
2020-03-07,19:00:08,"Mostly Cloudy",partly-cloudy-night,0,0,7,16.46
2020-03-07,20:00:04,Overcast,cloudy,0,0,7,17.75
2020-03-07,21:00:03,Overcast,cloudy,0.08,0.0003,7,17.99
2020-03-07,22:00:03,Overcast,cloudy,0.12,0.0004,7,18.75
2020-03-07,23:00:03,Overcast,cloudy,0.18,0.001,8,19.31
2020-03-08,00:00:05,Overcast,cloudy,0.14,0.0012,8,19.9
2020-03-08,01:00:03,Overcast,cloudy,0.05,0.0007,8,21.22
2020-03-08,02:00:04,Overcast,cloudy,0,0,8,21.55
2020-03-08,03:00:02,Overcast,cloudy,0,0,8,21.66
2020-03-08,04:00:03,Overcast,cloudy,0,0,8,23.23
2020-03-08,05:00:03,Overcast,cloudy,0,0,8,23.49
2020-03-08,06:00:04,"Windy and Overcast",wind,0,0,8,23.89
2020-03-08,07:00:04,"Windy and Overcast",wind,0,0,8,24.44
2020-03-08,08:00:07,"Windy and Overcast",wind,0.05,0.0003,8,24.94
2020-03-08,09:00:03,"Windy and Overcast",wind,0.12,0.0009,8,25.29
2020-03-08,10:00:07,"Windy and Overcast",wind,0.24,0.0026,8,25.6
2020-03-08,11:00:03,"Possible Drizzle and Windy",rain,0.35,0.0058,9,25.8
2020-03-08,12:00:01,"Possible Drizzle and Windy",rain,0.36,0.0078,9,26.1
2020-03-08,13:00:02,"Possible Drizzle and Windy",rain,0.29,0.0052,9,25.02
2020-03-08,14:00:02,Overcast,cloudy,0.22,0.002,10,23.44
2020-03-08,15:00:03,"Mostly Cloudy",partly-cloudy-day,0.17,0.001,10,21.55
2020-03-08,16:00:02,"Mostly Cloudy",partly-cloudy-day,0.17,0.0014,10,18.51
2020-03-08,17:00:03,"Mostly Cloudy",partly-cloudy-day,0.18,0.0024,9,15.93
2020-03-08,18:00:02,"Possible Drizzle",rain,0.26,0.0039,9,14.98
2020-03-08,19:00:02,"Possible Drizzle",rain,0.28,0.0029,8,15.17
2020-03-08,20:00:05,"Mostly Cloudy",partly-cloudy-night,0.23,0.0014,8,14.7
2020-03-08,21:00:03,"Partly Cloudy",partly-cloudy-night,0.18,0.0007,7,14.17
2020-03-08,22:00:02,"Mostly Cloudy",partly-cloudy-night,0.18,0.001,7,14.02
2020-03-08,23:00:03,"Mostly Cloudy",partly-cloudy-night,0.21,0.0019,6,14.08
2020-03-09,00:00:03,"Possible Drizzle",rain,0.26,0.0025,7,13.27
2020-03-09,01:00:03,"Mostly Cloudy",partly-cloudy-night,0.23,0.0016,7,14.08
2020-03-09,02:00:02,"Mostly Cloudy",partly-cloudy-night,0.16,0.0006,7,13.89
2020-03-09,03:00:01,"Mostly Cloudy",partly-cloudy-night,0.12,0.0003,7,13.46
2020-03-09,04:00:03,"Partly Cloudy",partly-cloudy-night,0.12,0.0004,6,12.97
2020-03-09,05:00:02,"Partly Cloudy",partly-cloudy-night,0.17,0.001,6,12.53
2020-03-09,06:00:03,"Mostly Cloudy",partly-cloudy-night,0.12,0.0006,6,12.26
2020-03-09,07:00:02,"Partly Cloudy",partly-cloudy-day,0.12,0.0004,6,12.07
2020-03-09,08:00:03,Clear,clear-day,0.11,0.0003,7,11.84
2020-03-09,09:00:02,Clear,clear-day,0.12,0.0002,7,12.07
2020-03-09,10:00:03,Clear,clear-day,0.15,0.0005,8,13.12
2020-03-09,11:00:06,Clear,clear-day,0.22,0.0016,8,14.52
2020-03-09,12:00:05,Clear,clear-day,0.23,0.0029,8,15.54
2020-03-09,13:00:01,Clear,clear-day,0.22,0.0036,8,15.55
2020-03-09,14:00:01,Clear,clear-day,0.17,0.0029,8,15.67
2020-03-09,15:00:03,Clear,clear-day,0.13,0.0022,8,15.52
2020-03-09,16:00:01,Clear,clear-day,0.09,0.0013,8,14.78
2020-03-09,17:00:03,Clear,clear-day,0.07,0.0006,7,13.72
2020-03-09,18:00:03,Clear,clear-night,0.05,0.0004,7,13.53
2020-03-09,19:00:02,Clear,clear-night,0,0,7,15
2020-03-09,20:00:04,"Partly Cloudy",partly-cloudy-night,0,0,7,15.77
2020-03-09,21:00:02,"Partly Cloudy",partly-cloudy-night,0.14,0.0004,6,16.59
2020-03-09,22:00:02,"Mostly Cloudy",partly-cloudy-night,0.19,0.0008,6,17.46
2020-03-09,23:00:02,"Possible Drizzle",rain,0.3,0.0016,6,18.44
2020-03-10,00:00:03,"Possible Drizzle",rain,0.51,0.004,6,19.79
2020-03-10,01:00:04,Drizzle,rain,0.69,0.009,6,22.36
2020-03-10,02:00:02,"Light Rain",rain,0.8,0.0175,5,24.84
2020-03-10,03:00:08,"Light Rain and Windy",rain,0.84,0.0259,5,25.91
2020-03-10,04:00:02,"Light Rain",rain,0.86,0.0317,6,24.47
2020-03-10,05:00:01,"Light Rain",rain,0.85,0.0352,7,21.66
2020-03-10,06:00:03,"Light Rain",rain,0.84,0.0384,8,19.77
2020-03-10,07:00:02,"Light Rain",rain,0.77,0.0219,9,21.21
2020-03-10,08:00:07,"Possible Drizzle",rain,0.6,0.0095,10,21.93
2020-03-10,09:00:03,"Possible Drizzle",rain,0.42,0.0048,10,22.67
2020-03-10,10:00:02,"Possible Drizzle",rain,0.4,0.0044,10,23.14
2020-03-10,11:00:03,"Possible Drizzle",rain,0.51,0.0059,10,23.67
2020-03-10,12:00:03,"Drizzle and Windy",rain,0.68,0.0129,10,25.23
2020-03-10,13:00:04,"Drizzle and Windy",rain,0.69,0.0106,11,25.94
2020-03-10,14:00:05,"Possible Drizzle and Windy",rain,0.64,0.0068,11,26.46
2020-03-10,15:00:03,"Possible Drizzle and Windy",rain,0.52,0.0049,11,26.72
2020-03-10,16:00:04,"Possible Drizzle and Windy",rain,0.57,0.0075,11,26.69
2020-03-10,17:00:02,"Light Rain and Dangerously Windy",rain,0.65,0.0172,11,26.35
2020-03-10,18:00:03,"Light Rain and Dangerously Windy",rain,0.67,0.0234,11,26.47
2020-03-10,19:00:07,"Light Rain and Dangerously Windy",rain,0.7,0.0776,11,26.45
2020-03-10,20:00:03,"Possible Light Rain and Windy",rain,0.57,0.0171,10,25.18
2020-03-10,21:00:03,"Possible Drizzle and Windy",rain,0.3,0.0019,10,24.39
2020-03-10,22:00:03,"Windy and Overcast",wind,0.18,0.0008,9,23.59
2020-03-10,23:00:04,"Mostly Cloudy",partly-cloudy-night,0,0,9,22.28
2020-03-11,00:00:02,Overcast,cloudy,0,0,8,20.85
2020-03-11,01:00:02,Overcast,cloudy,0,0,7,18.34
2020-03-11,02:00:01,Overcast,cloudy,0,0,7,15.67
2020-03-11,03:00:03,"Mostly Cloudy",partly-cloudy-night,0,0,6,13.53
2020-03-11,04:00:02,"Mostly Cloudy",partly-cloudy-night,0,0,6,12.19
2020-03-11,05:00:03,"Mostly Cloudy",partly-cloudy-night,0,0,6,11.4
2020-03-11,06:00:06,"Partly Cloudy",partly-cloudy-night,0,0,6,11.57
2020-03-11,07:00:02,"Partly Cloudy",partly-cloudy-day,0.09,0.0003,7,11.11
2020-03-11,08:00:01,"Partly Cloudy",partly-cloudy-day,0.09,0.0003,7,11.45
2020-03-11,09:00:02,"Partly Cloudy",partly-cloudy-day,0.09,0.0003,8,12.16
2020-03-11,10:00:03,"Partly Cloudy",partly-cloudy-day,0.11,0.0004,9,13.36
2020-03-11,11:00:02,"Partly Cloudy",partly-cloudy-day,0.12,0.0008,10,14.94
2020-03-11,12:00:05,"Partly Cloudy",partly-cloudy-day,0.12,0.0011,10,16.36
2020-03-11,13:00:01,"Partly Cloudy",partly-cloudy-day,0,0,11,17.46
2020-03-11,14:00:03,"Mostly Cloudy",partly-cloudy-day,0,0,11,18.56
2020-03-11,15:00:03,Overcast,cloudy,0,0,11,18.46
2020-03-11,16:00:03,Overcast,cloudy,0,0,10,17.81
2020-03-11,17:00:03,Overcast,cloudy,0,0,9,16.89
2020-03-11,18:00:04,Overcast,cloudy,0.06,0.0003,9,16.63
2020-03-11,19:00:02,Overcast,cloudy,0.06,0.0002,9,19.13
2020-03-11,20:00:01,Overcast,cloudy,0.08,0.0008,9,20.54
2020-03-11,21:00:04,"Mostly Cloudy",partly-cloudy-night,0.15,0.0015,9,21.93
2020-03-11,22:00:04,"Windy and Mostly Cloudy",wind,0.19,0.0018,9,23.5
2020-03-11,23:00:02,"Windy and Mostly Cloudy",wind,0.18,0.0018,9,25.22
2020-03-12,00:00:02,"Windy and Mostly Cloudy",wind,0.18,0.0017,9,26.95
2020-03-12,01:00:02,"Dangerously Windy and Mostly Cloudy",wind,0.21,0.0016,9,29.21
2020-03-12,02:00:02,"Possible Drizzle and Dangerously Windy",rain,0.26,0.0016,9,31.68
2020-03-12,03:00:01,"Possible Drizzle and Dangerously Windy",rain,0.29,0.0017,9,33.39
2020-03-12,04:00:05,"Possible Drizzle and Dangerously Windy",rain,0.32,0.0016,8,33.42
2020-03-12,05:00:02,"Possible Drizzle and Dangerously Windy",rain,0.28,0.0017,7,32.45
2020-03-12,06:00:05,"Dangerously Windy and Partly Cloudy",wind,0.16,0.0016,6,30.06
2020-03-12,07:00:02,"Windy and Partly Cloudy",wind,0.2,0.0015,6,33.68
2020-03-12,08:00:03,"Windy and Partly Cloudy",wind,0.16,0.0012,5,33.61
2020-03-12,09:00:04,"Windy and Partly Cloudy",wind,0.16,0.0011,5,33.22
2020-03-12,10:00:01,"Windy and Partly Cloudy",wind,0.13,0.001,5,32.37
2020-03-12,11:00:02,"Windy and Partly Cloudy",wind,0.1,0.0008,6,31.13
2020-03-12,12:00:02,"Windy and Mostly Cloudy",wind,0.08,0.0006,7,29.65
2020-03-12,13:00:04,"Windy and Mostly Cloudy",wind,0.06,0.0006,7,28.26
2020-03-12,14:00:05,"Windy and Partly Cloudy",wind,0.04,0.0006,8,26.94
2020-03-12,15:00:02,"Windy and Partly Cloudy",wind,0.05,0.001,8,25.76
2020-03-12,16:00:03,"Partly Cloudy",partly-cloudy-day,0.06,0.0017,8,24.09
2020-03-12,17:00:03,"Mostly Cloudy",partly-cloudy-day,0.07,0.0027,7,22.33
2020-03-12,18:00:01,"Mostly Cloudy",partly-cloudy-night,0.08,0.0029,7,21.09
2020-03-12,19:00:05,"Mostly Cloudy",partly-cloudy-night,0.08,0.0032,7,22.05
2020-03-12,20:00:02,"Partly Cloudy",partly-cloudy-night,0.08,0.0034,7,22.57
2020-03-12,21:00:03,"Partly Cloudy",partly-cloudy-night,0.08,0.0031,7,23.3
2020-03-12,22:00:02,"Partly Cloudy",partly-cloudy-night,0.09,0.0023,7,24.26
2020-03-12,23:00:01,"Windy and Mostly Cloudy",wind,0.1,0.0024,7,25.47
2020-03-13,00:00:04,"Partly Cloudy",partly-cloudy-night,0.21,0.004,6,24.02
2020-03-13,01:00:01,"Possible Drizzle and Windy",rain,0.28,0.0046,6,25.09
2020-03-13,02:00:02,"Possible Drizzle and Windy",rain,0.33,0.005,6,25.46
2020-03-13,03:00:03,"Possible Drizzle and Windy",rain,0.37,0.0062,5,26.1
2020-03-13,04:00:04,"Possible Drizzle and Windy",rain,0.43,0.0101,5,26.79
2020-03-13,05:00:03,"Possible Light Rain and Windy",rain,0.5,0.0164,6,27.57
2020-03-13,06:00:02,"Possible Light Rain and Windy",rain,0.5,0.0221,6,28.21
2020-03-13,07:00:06,"Possible Light Rain and Windy",rain,0.47,0.0174,6,26.76
2020-03-13,08:00:02,"Possible Light Rain",rain,0.4,0.0181,7,24.61
2020-03-13,09:00:04,"Possible Light Rain",rain,0.35,0.016,7,22.78
2020-03-13,10:00:05,"Possible Drizzle",rain,0.34,0.0091,7,21.62
2020-03-13,11:00:01,"Mostly Cloudy",partly-cloudy-day,0.23,0.0033,8,21.53
2020-03-13,12:00:02,"Mostly Cloudy",partly-cloudy-day,0.17,0.0024,8,21
2020-03-13,13:00:02,"Partly Cloudy",partly-cloudy-day,0.17,0.0021,8,19.48
2020-03-13,14:00:04,"Partly Cloudy",partly-cloudy-day,0.19,0.0024,7,17.5
2020-03-13,15:00:03,Clear,clear-day,0.16,0.0026,7,15.47
2020-03-13,16:00:02,Clear,clear-day,0.06,0.0016,6,13.5
2020-03-13,17:00:02,Clear,clear-day,0.03,0.0006,6,11.55
2020-03-13,18:00:04,Clear,clear-night,0.02,0.0004,5,9.54
2020-03-13,19:00:03,Clear,clear-night,0.02,0.0002,5,8.22
2020-03-13,20:00:01,Clear,clear-night,0,0,4,6.68
2020-03-13,21:00:02,Clear,clear-night,0,0,4,5.68
2020-03-13,22:00:01,Clear,clear-night,0,0,4,4.48
2020-03-13,23:00:05,Clear,clear-night,0,0,3,3.37
2020-03-14,00:00:03,Clear,clear-night,0,0,3,2.44
2020-03-14,01:00:02,Clear,clear-night,0,0,2,2.94
2020-03-14,02:00:02,Clear,clear-night,0,0,2,4.14
2020-03-14,03:00:03,Clear,clear-night,0.02,0.0003,2,5.46
2020-03-14,04:00:03,Clear,clear-night,0,0,1,6.68
2020-03-14,05:00:02,Clear,clear-night,0,0,1,7.99
2020-03-14,06:00:02,Clear,clear-day,0,0,1,9.42
2020-03-14,07:00:03,"Partly Cloudy",partly-cloudy-day,0,0,2,10.82
2020-03-14,08:00:07,"Mostly Cloudy",partly-cloudy-day,0,0,3,12.87
2020-03-14,09:00:02,Overcast,cloudy,0,0,4,13.87
2020-03-14,10:00:03,Overcast,cloudy,0,0,5,14.27
2020-03-14,11:00:02,"Mostly Cloudy",partly-cloudy-day,0,0,6,14.36
2020-03-14,12:00:01,"Mostly Cloudy",partly-cloudy-day,0,0,8,14.5
2020-03-14,13:00:02,"Partly Cloudy",partly-cloudy-day,0.07,0.0003,9,14.63
2020-03-14,14:00:02,"Partly Cloudy",partly-cloudy-day,0.05,0.0008,10,15.19
2020-03-14,15:00:04,Clear,clear-day,0.03,0.001,10,15.55
2020-03-14,16:00:03,Clear,clear-day,0.03,0.0006,10,15.4
2020-03-14,17:00:03,"Partly Cloudy",partly-cloudy-day,0.02,0.0002,9,15.09
2020-03-14,18:00:04,Clear,clear-night,0.02,0.0002,9,15.21
2020-03-14,19:00:07,"Partly Cloudy",partly-cloudy-night,0.02,0.0003,8,15.68
2020-03-14,20:00:02,"Mostly Cloudy",partly-cloudy-night,0,0,8,16.3
2020-03-14,21:00:03,"Mostly Cloudy",partly-cloudy-night,0.02,0.0002,8,17.25
2020-03-14,22:00:04,Overcast,cloudy,0.04,0.0006,7,18.42
2020-03-14,23:00:02,Overcast,cloudy,0.05,0.0016,7,19.34
2020-03-15,00:00:02,"Mostly Cloudy",partly-cloudy-night,0.09,0.0022,7,17.76
2020-03-15,01:00:02,Overcast,cloudy,0.09,0.0015,7,18.2
2020-03-15,02:00:02,Overcast,cloudy,0.06,0.0006,7,18.54
2020-03-15,03:00:03,Overcast,cloudy,0.05,0.0003,7,18.76
2020-03-15,04:00:02,Overcast,cloudy,0.08,0.0008,7,19.08
2020-03-15,05:00:03,Overcast,cloudy,0.1,0.0023,7,18.66
2020-03-15,06:00:04,Overcast,cloudy,0.2,0.0041,7,18.84
2020-03-15,07:00:04,Overcast,cloudy,0.1,0.0013,8,20.56
2020-03-15,08:00:02,Overcast,cloudy,0.07,0.0011,8,21.21
2020-03-15,09:00:02,Overcast,cloudy,0.06,0.0013,9,21.74
2020-03-15,10:00:02,Overcast,cloudy,0.05,0.0015,9,22.13
2020-03-15,11:00:01,Overcast,cloudy,0.06,0.0016,10,22.41
2020-03-15,12:00:05,Overcast,cloudy,0.05,0.0016,10,22.2
2020-03-15,13:00:03,Overcast,cloudy,0.03,0.0003,11,21.84
2020-03-15,14:00:02,Overcast,cloudy,0.02,0.0003,10,19.63
2020-03-15,15:00:02,Overcast,cloudy,0.03,0.0005,10,17.86
2020-03-15,16:00:03,Overcast,cloudy,0.03,0.0007,10,17.02
2020-03-15,17:00:07,Overcast,cloudy,0.05,0.0008,10,16.59
2020-03-15,18:00:03,Overcast,cloudy,0.02,0.0003,10,16.94
2020-03-15,19:00:02,Overcast,cloudy,0,0,9,14.75
2020-03-15,20:00:01,Overcast,cloudy,0,0,9,15.21
2020-03-15,21:00:03,"Mostly Cloudy",partly-cloudy-night,0,0,9,15.41
2020-03-15,22:00:02,"Mostly Cloudy",partly-cloudy-night,0,0,9,15.32
2020-03-15,23:00:03,"Mostly Cloudy",partly-cloudy-night,0,0,8,15.05
2020-03-16,00:00:03,"Mostly Cloudy",partly-cloudy-night,0,0,8,13.99
2020-03-16,01:00:01,"Partly Cloudy",partly-cloudy-night,0,0,8,12.24
2020-03-16,02:00:02,Clear,clear-night,0,0,7,10.19
2020-03-16,03:00:01,Clear,clear-night,0,0,7,8.66
2020-03-16,04:00:03,Clear,clear-night,0,0,6,7.93
2020-03-16,05:00:03,Clear,clear-night,0,0,6,7.66
2020-03-16,06:00:04,Clear,clear-day,0,0,5,8.08
2020-03-16,07:00:06,"Partly Cloudy",partly-cloudy-day,0,0,6,8.94
2020-03-16,08:00:06,"Partly Cloudy",partly-cloudy-day,0,0,7,10.07
2020-03-16,09:00:01,"Mostly Cloudy",partly-cloudy-day,0,0,8,10.66
2020-03-16,10:00:03,"Partly Cloudy",partly-cloudy-day,0,0,9,10.13
2020-03-16,11:00:03,"Partly Cloudy",partly-cloudy-day,0,0,9,9.06
2020-03-16,12:00:03,"Partly Cloudy",partly-cloudy-day,0,0,10,8.7
2020-03-16,13:00:02,Clear,clear-day,0,0,10,8.17
2020-03-16,14:00:02,Clear,clear-day,0,0,10,9.56
2020-03-16,15:00:06,Clear,clear-day,0,0,10,9.61
2020-03-16,16:00:04,Clear,clear-day,0,0,9,8.34
2020-03-16,17:00:03,Clear,clear-day,0,0,8,6.48
2020-03-16,18:00:02,Clear,clear-night,0,0,7,5.5
2020-03-16,19:00:03,Clear,clear-night,0,0,7,4.26
2020-03-16,20:00:04,Clear,clear-night,0,0,6,4.78
2020-03-16,21:00:03,Clear,clear-night,0,0,6,5.47
2020-03-16,22:00:06,Clear,clear-night,0,0,5,6.31
2020-03-16,23:00:01,Clear,clear-night,0,0,5,7.31
2020-03-17,00:00:02,Clear,clear-night,0,0,5,8.23
2020-03-17,01:00:03,Clear,clear-night,0,0,4,9.22
2020-03-17,02:00:04,Clear,clear-night,0,0,4,10.22
2020-03-17,03:00:02,"Partly Cloudy",partly-cloudy-night,0.01,0.0002,4,11.3
2020-03-17,04:00:01,"Partly Cloudy",partly-cloudy-night,0,0,4,12.49
2020-03-17,05:00:04,"Mostly Cloudy",partly-cloudy-night,0,0,5,13.74
2020-03-17,06:00:01,"Mostly Cloudy",partly-cloudy-day,0,0,5,15.18
2020-03-17,07:00:03,"Mostly Cloudy",partly-cloudy-day,0,0,6,16.01
2020-03-17,08:00:06,Overcast,cloudy,0,0,7,16.8
2020-03-17,09:00:02,Overcast,cloudy,0,0,8,17.5
2020-03-17,10:00:05,Overcast,cloudy,0,0,9,18.17
2020-03-17,11:00:03,Overcast,cloudy,0,0,9,18.71
2020-03-17,12:00:06,Overcast,cloudy,0.05,0.0003,10,18.82
2020-03-17,13:00:06,Overcast,cloudy,0,0,10,18.81
2020-03-17,14:00:02,Overcast,cloudy,0,0,10,18.58
2020-03-17,15:00:03,Overcast,cloudy,0,0,9,18.17
2020-03-17,16:00:03,Overcast,cloudy,0,0,9,17.4
2020-03-17,17:00:02,Overcast,cloudy,0,0,9,16.46
2020-03-17,18:00:06,Overcast,cloudy,0,0,9,15.86
2020-03-17,19:00:01,Overcast,cloudy,0,0,9,15.74
2020-03-17,20:00:05,Overcast,cloudy,0,0,8,16.27
2020-03-17,21:00:02,"Mostly Cloudy",partly-cloudy-night,0.01,0.0003,8,16.8
2020-03-17,22:00:01,"Mostly Cloudy",partly-cloudy-night,0.01,0.0004,8,17.25
2020-03-17,23:00:01,"Partly Cloudy",partly-cloudy-night,0.01,0.0003,8,17.7
2020-03-18,00:00:03,"Mostly Cloudy",partly-cloudy-night,0.01,0.0002,8,18.18
2020-03-18,01:00:02,"Mostly Cloudy",partly-cloudy-night,0,0,7,18.98
2020-03-18,02:00:02,"Partly Cloudy",partly-cloudy-night,0,0,7,19.61
2020-03-18,03:00:04,"Partly Cloudy",partly-cloudy-night,0,0,8,19.96
2020-03-18,04:00:03,"Partly Cloudy",partly-cloudy-night,0,0,8,19.79
2020-03-18,05:00:01,"Partly Cloudy",partly-cloudy-night,0,0,8,19.35
2020-03-18,06:00:01,"Mostly Cloudy",partly-cloudy-day,0,0,8,19.06
2020-03-18,07:00:03,"Mostly Cloudy",partly-cloudy-day,0.03,0.0004,8,18.94
2020-03-18,08:00:03,Overcast,cloudy,0.06,0.0024,9,19.1
2020-03-18,09:00:06,Overcast,cloudy,0.09,0.0045,9,19.04
2020-03-18,10:00:03,Overcast,cloudy,0.11,0.0045,10,18.43
2020-03-18,11:00:03,Overcast,cloudy,0.11,0.0034,10,17.53
2020-03-18,12:00:05,Overcast,cloudy,0.04,0.0023,10,18.01
2020-03-18,13:00:03,Overcast,cloudy,0.03,0.0014,10,17.58
2020-03-18,14:00:02,Overcast,cloudy,0.04,0.0009,11,17.14
2020-03-18,15:00:02,Overcast,cloudy,0.04,0.0013,11,16.42
2020-03-18,16:00:01,Overcast,cloudy,0.07,0.0029,10,15.08
2020-03-18,17:00:02,Overcast,cloudy,0.11,0.0066,10,13.45
2020-03-18,18:00:02,Overcast,cloudy,0.15,0.0079,9,12.23
2020-03-18,19:00:06,Overcast,cloudy,0.09,0.0042,9,9.99
2020-03-18,20:00:03,Overcast,cloudy,0.12,0.0073,9,8.97
2020-03-18,21:00:04,Overcast,cloudy,0.16,0.0096,9,8.39
2020-03-18,22:00:03,Overcast,cloudy,0.18,0.0087,9,8.74
2020-03-18,23:00:03,Overcast,cloudy,0.2,0.0066,8,9.7
2020-03-19,00:00:03,Overcast,cloudy,0.2,0.0044,7,9.58
2020-03-19,01:00:02,Overcast,cloudy,0.1,0.0032,7,9.22
2020-03-19,02:00:03,Overcast,cloudy,0.05,0.0022,6,8.56
2020-03-19,03:00:03,Overcast,cloudy,0.04,0.0015,6,7.88
2020-03-19,04:00:02,Overcast,cloudy,0.03,0.0011,6,7.33
2020-03-19,05:00:02,Overcast,cloudy,0.03,0.0008,6,6.77
2020-03-19,06:00:02,Overcast,cloudy,0.03,0.0006,6,5.98
2020-03-19,07:00:02,Overcast,cloudy,0,0,6,4.63
2020-03-19,08:00:03,Overcast,cloudy,0,0,7,4.2
2020-03-19,09:00:01,Overcast,cloudy,0.06,0.0003,8,4.12
2020-03-19,10:00:02,Overcast,cloudy,0.05,0.0003,8,4.64
2020-03-19,11:00:02,Overcast,cloudy,0.05,0.0003,9,5.52
2020-03-19,12:00:01,"Mostly Cloudy",partly-cloudy-day,0.05,0.0002,9,6.35
2020-03-19,13:00:03,Overcast,cloudy,0,0,9,6.95
2020-03-19,14:00:03,Overcast,cloudy,0,0,9,7.47
2020-03-19,15:00:03,Overcast,cloudy,0,0,8,7.94
2020-03-19,16:00:03,Overcast,cloudy,0,0,8,8.38
2020-03-19,17:00:01,Overcast,cloudy,0,0,8,8.76
2020-03-19,18:00:03,Overcast,cloudy,0.03,0.0002,7,8.82
2020-03-19,19:00:02,Overcast,cloudy,0,0,7,9.51
2020-03-19,20:00:04,Overcast,cloudy,0,0,7,9.14
2020-03-19,21:00:02,Overcast,cloudy,0,0,7,8.84
2020-03-19,22:00:06,Overcast,cloudy,0,0,7,8.74
2020-03-19,23:00:03,Overcast,cloudy,0,0,7,8.71
2020-03-20,00:00:01,Overcast,cloudy,0,0,6,8.83
2020-03-20,01:00:02,Overcast,cloudy,0,0,6,9.05
2020-03-20,02:00:02,Overcast,cloudy,0,0,6,9.37
2020-03-20,03:00:03,Overcast,cloudy,0,0,6,9.62
2020-03-20,04:00:03,Overcast,cloudy,0,0,6,9.57
2020-03-20,05:00:04,Overcast,cloudy,0,0,6,9.46
2020-03-20,06:00:02,Overcast,cloudy,0,0,6,10
2020-03-20,07:00:02,Overcast,cloudy,0,0,6,11.37
2020-03-20,08:00:01,Overcast,cloudy,0,0,7,12.9
2020-03-20,09:00:01,Overcast,cloudy,0.11,0.0002,7,14.1
2020-03-20,10:00:02,Overcast,cloudy,0,0,8,15.39
2020-03-20,11:00:02,Overcast,cloudy,0,0,8,15.7
2020-03-20,12:00:01,Overcast,cloudy,0.05,0.0002,8,16.19
2020-03-20,13:00:02,Overcast,cloudy,0,0,8,16.57
2020-03-20,14:00:03,Overcast,cloudy,0,0,8,16.9
2020-03-20,15:00:03,"Mostly Cloudy",partly-cloudy-day,0,0,8,17.01
2020-03-20,16:00:01,"Mostly Cloudy",partly-cloudy-day,0,0,7,16.96
2020-03-20,17:00:02,"Partly Cloudy",partly-cloudy-day,0,0,7,16.8
2020-03-20,18:00:01,"Partly Cloudy",partly-cloudy-night,0.03,0.0003,6,16.47
2020-03-20,19:00:02,Clear,clear-night,0,0,7,16.45
2020-03-20,20:00:03,Clear,clear-night,0,0,6,15.83
2020-03-20,21:00:03,Clear,clear-night,0.03,0.0002,6,15.65
2020-03-20,22:00:02,Clear,clear-night,0,0,6,16.47
2020-03-20,23:00:02,Clear,clear-night,0,0,5,17.71
2020-03-21,00:00:02,Clear,clear-night,0,0,5,18.53
2020-03-21,01:00:04,Clear,clear-night,0,0,4,18.44
2020-03-21,02:00:01,Clear,clear-night,0,0,4,17.95
2020-03-21,03:00:02,Clear,clear-night,0.01,0.0003,3,17.65
2020-03-21,04:00:02,Clear,clear-night,0.01,0.0004,3,17.64
2020-03-21,05:00:01,Clear,clear-night,0.01,0.0003,2,17.78
2020-03-21,06:00:01,Clear,clear-day,0.01,0.0004,2,17.75
2020-03-21,07:00:03,Clear,clear-day,0.02,0.0003,3,18.42
2020-03-21,08:00:04,Clear,clear-day,0,0,4,19.17
2020-03-21,09:00:03,Clear,clear-day,0,0,5,19.78
2020-03-21,10:00:06,Clear,clear-day,0,0,6,20.02
2020-03-21,11:00:04,Clear,clear-day,0.02,0.0003,7,20.03
2020-03-21,12:00:04,Clear,clear-day,0.02,0.0003,8,19.86
2020-03-21,13:00:02,Clear,clear-day,0,0,8,20.07
2020-03-21,14:00:01,Clear,clear-day,0,0,8,20.37
2020-03-21,15:00:01,Clear,clear-day,0,0,7,20.42
2020-03-21,16:00:04,Clear,clear-day,0,0,7,19.96
2020-03-21,17:00:04,Clear,clear-day,0,0,6,19.32
2020-03-21,18:00:02,Clear,clear-night,0,0,5,19.04
2020-03-21,19:00:04,Clear,clear-night,0,0,5,18.69
2020-03-21,20:00:03,Clear,clear-night,0,0,4,19.05
2020-03-21,21:00:03,Clear,clear-night,0,0,4,19.27
2020-03-21,22:00:03,Clear,clear-night,0,0,3,19.24
2020-03-21,23:00:05,Clear,clear-night,0,0,3,19
2020-03-22,00:00:03,Clear,clear-night,0,0,2,18.42
2020-03-22,01:00:03,Clear,clear-night,0,0,2,17.65
2020-03-22,02:00:02,Clear,clear-night,0,0,1,16.72
2020-03-22,03:00:04,Clear,clear-night,0.01,0.0002,1,16.03
2020-03-22,04:00:02,Clear,clear-night,0.01,0.0002,0,15.63
2020-03-22,05:00:03,Clear,clear-night,0.01,0.0002,0,15.44
2020-03-22,06:00:03,Clear,clear-day,0,0,0,16
2020-03-22,07:00:02,Clear,clear-day,0,0,1,17.04
2020-03-22,08:00:03,Clear,clear-day,0,0,2,18.6
2020-03-22,09:00:01,Clear,clear-day,0,0,3,19.66
2020-03-22,10:00:01,Clear,clear-day,0,0,4,19.7
2020-03-22,11:00:03,Clear,clear-day,0,0,5,19.22
2020-03-22,12:00:01,Clear,clear-day,0.01,0.0003,6,19.05
2020-03-22,13:00:02,Clear,clear-day,0.01,0.0003,7,18.96
2020-03-22,14:00:02,Clear,clear-day,0.01,0.0003,7,18.95
2020-03-22,15:00:05,Clear,clear-day,0.01,0.0003,7,18.79
2020-03-22,16:00:03,Clear,clear-day,0,0,6,18.27
2020-03-22,17:00:02,Clear,clear-day,0,0,5,17.62
2020-03-22,18:00:01,Clear,clear-night,0,0,5,17.2
2020-03-22,19:00:02,Clear,clear-night,0,0,5,17.04
2020-03-22,20:00:03,Clear,clear-night,0,0,4,17.09
2020-03-22,21:00:02,Clear,clear-night,0.01,0.0002,4,17.16
2020-03-22,22:00:03,Clear,clear-night,0,0,3,17.19
2020-03-22,23:00:02,Clear,clear-night,0,0,2,17.25
2020-03-23,00:00:06,Clear,clear-night,0,0,2,17.28
2020-03-23,01:00:02,Clear,clear-night,0,0,1,16.91
2020-03-23,02:00:05,Clear,clear-night,0,0,1,16.48
2020-03-23,03:00:03,Clear,clear-night,0,0,0,16.1
2020-03-23,04:00:01,Clear,clear-night,0,0,0,16.02
2020-03-23,05:00:01,Clear,clear-night,0,0,-1,16.01
2020-03-23,06:00:01,Clear,clear-day,0,0,0,16.23
2020-03-23,07:00:02,Clear,clear-day,0,0,1,16.18
2020-03-23,08:00:01,Clear,clear-day,0,0,2,16.67
2020-03-23,09:00:02,Clear,clear-day,0,0,3,17.03
2020-03-23,10:00:03,Clear,clear-day,0,0,4,17
2020-03-23,11:00:04,Clear,clear-day,0,0,6,16.79
2020-03-23,12:00:04,Clear,clear-day,0,0,7,16.82
2020-03-23,13:00:06,Clear,clear-day,0,0,8,16.59
2020-03-23,14:00:03,Clear,clear-day,0,0,8,16.37
2020-03-23,15:00:02,Clear,clear-day,0,0,8,16.17
2020-03-23,16:00:03,Clear,clear-day,0,0,7,15.99
2020-03-23,17:00:02,Clear,clear-day,0,0,6,15.85
2020-03-23,18:00:01,Clear,clear-night,0,0,5,15.87
2020-03-23,19:00:03,Clear,clear-night,0,0,5,15.83
2020-03-23,20:00:03,Clear,clear-night,0,0,5,16.34
2020-03-23,21:00:01,"Partly Cloudy",partly-cloudy-night,0,0,4,16.7
2020-03-23,22:00:04,"Partly Cloudy",partly-cloudy-night,0,0,4,17.04
2020-03-23,23:00:02,"Partly Cloudy",partly-cloudy-night,0,0,3,17.24
2020-03-24,00:00:01,"Mostly Cloudy",partly-cloudy-night,0,0,3,16.96
2020-03-24,01:00:01,"Partly Cloudy",partly-cloudy-night,0,0,2,15.56
2020-03-24,02:00:03,"Partly Cloudy",partly-cloudy-night,0,0,2,13.6
2020-03-24,03:00:03,Clear,clear-night,0,0,1,12.19
2020-03-24,04:00:02,"Partly Cloudy",partly-cloudy-night,0,0,0,11.85
2020-03-24,05:00:01,"Partly Cloudy",partly-cloudy-night,0,0,0,12.08
2020-03-24,06:00:01,"Mostly Cloudy",partly-cloudy-day,0,0,0,12.63
2020-03-24,07:00:02,"Mostly Cloudy",partly-cloudy-day,0,0,1,13.43
2020-03-24,08:00:02,"Partly Cloudy",partly-cloudy-day,0,0,3,14.22
2020-03-24,09:00:01,"Partly Cloudy",partly-cloudy-day,0,0,5,14.73
2020-03-24,10:00:01,"Partly Cloudy",partly-cloudy-day,0,0,6,14.74
2020-03-24,11:00:01,"Partly Cloudy",partly-cloudy-day,0,0,7,14.53
2020-03-24,12:00:01,"Partly Cloudy",partly-cloudy-day,0,0,9,14.24
2020-03-24,13:00:03,"Partly Cloudy",partly-cloudy-day,0,0,9,14.22
2020-03-24,14:00:02,"Mostly Cloudy",partly-cloudy-day,0,0,10,14.22
2020-03-24,15:00:03,"Mostly Cloudy",partly-cloudy-day,0,0,10,13.96
2020-03-24,16:00:05,"Mostly Cloudy",partly-cloudy-day,0,0,9,13.02
2020-03-24,17:00:05,"Mostly Cloudy",partly-cloudy-day,0,0,7,11.8
2020-03-24,18:00:03,"Partly Cloudy",partly-cloudy-night,0,0,7,11.33
2020-03-24,19:00:04,"Mostly Cloudy",partly-cloudy-night,0,0,6,11.81
2020-03-24,20:00:03,"Mostly Cloudy",partly-cloudy-night,0,0,6,12.86
2020-03-24,21:00:04,Overcast,cloudy,0,0,5,13.47
2020-03-24,22:00:03,Overcast,cloudy,0,0,5,13.88
2020-03-24,23:00:02,"Mostly Cloudy",partly-cloudy-night,0,0,4,14.2
2020-03-25,00:00:03,"Mostly Cloudy",partly-cloudy-night,0,0,4,14.17
2020-03-25,01:00:06,"Partly Cloudy",partly-cloudy-night,0,0,3,13.68
2020-03-25,02:00:02,Clear,clear-night,0,0,2,12.8
2020-03-25,03:00:03,Clear,clear-night,0,0,1,11.95
2020-03-25,04:00:02,Clear,clear-night,0,0,1,11.16
2020-03-25,05:00:04,Clear,clear-night,0,0,0,10.39
2020-03-25,06:00:01,Clear,clear-day,0,0,0,9.65
2020-03-25,07:00:05,Clear,clear-day,0.01,0.0002,1,9.41
2020-03-25,08:00:03,"Partly Cloudy",partly-cloudy-day,0.01,0.0003,3,9.09
2020-03-25,09:00:02,"Partly Cloudy",partly-cloudy-day,0.01,0.0003,5,8.87
2020-03-25,10:00:02,"Partly Cloudy",partly-cloudy-day,0.01,0.0003,6,8.71
2020-03-25,11:00:01,"Partly Cloudy",partly-cloudy-day,0.01,0.0003,8,8.63
2020-03-25,12:00:02,Clear,clear-day,0.01,0.0003,9,9.1
2020-03-25,13:00:03,Clear,clear-day,0.01,0.0003,10,9.66
2020-03-25,14:00:04,Clear,clear-day,0,0,10,10.38
2020-03-25,15:00:02,Clear,clear-day,0,0,10,10.92
2020-03-25,16:00:05,Clear,clear-day,0,0,9,11.03
2020-03-25,17:00:03,"Partly Cloudy",partly-cloudy-day,0,0,8,10.91
2020-03-25,18:00:01,"Partly Cloudy",partly-cloudy-night,0,0,7,10.94
2020-03-25,19:00:03,"Mostly Cloudy",partly-cloudy-night,0,0,7,11.4
2020-03-25,20:00:03,"Mostly Cloudy",partly-cloudy-night,0,0,6,11.63
2020-03-25,21:00:02,Overcast,cloudy,0,0,6,11.85
2020-03-25,22:00:02,Overcast,cloudy,0,0,5,12.07
2020-03-25,23:00:05,Overcast,cloudy,0,0,5,12.28
2020-03-26,00:00:07,Overcast,cloudy,0,0,5,12.11
2020-03-26,01:00:04,Overcast,cloudy,0,0,4,11.47
2020-03-26,02:00:02,Overcast,cloudy,0,0,3,10.57
2020-03-26,03:00:03,Overcast,cloudy,0,0,3,10.03
2020-03-26,04:00:05,Overcast,cloudy,0,0,2,10.15
2020-03-26,05:00:03,Overcast,cloudy,0,0,1,10.64
2020-03-26,06:00:02,"Mostly Cloudy",partly-cloudy-day,0,0,2,11.72
2020-03-26,07:00:01,"Partly Cloudy",partly-cloudy-day,0,0,2,12.6
2020-03-26,08:00:01,Clear,clear-day,0,0,4,13.57
2020-03-26,09:00:01,Clear,clear-day,0,0,5,14.22
2020-03-26,10:00:03,Clear,clear-day,0,0,6,14.39
2020-03-26,11:00:07,Clear,clear-day,0.01,0.0002,7,14.28
2020-03-26,12:00:03,Clear,clear-day,0,0,8,14.33
2020-03-26,13:00:01,Clear,clear-day,0.01,0.0002,9,14.29
2020-03-26,14:00:01,Clear,clear-day,0.01,0.0003,9,14.22
2020-03-26,15:00:01,Clear,clear-day,0.01,0.0003,9,14.06
2020-03-26,16:00:02,Clear,clear-day,0,0,8,13.82
2020-03-26,17:00:01,Clear,clear-day,0,0,7,13.51
2020-03-26,18:00:02,Clear,clear-night,0,0,7,13.33
2020-03-26,19:00:03,Clear,clear-night,0,0,7,12.39
2020-03-26,20:00:02,Clear,clear-night,0,0,6,11.56
2020-03-26,21:00:05,Clear,clear-night,0,0,5,11.06
2020-03-26,22:00:02,Clear,clear-night,0,0,5,11.13
2020-03-26,23:00:02,Clear,clear-night,0.01,0.0002,5,11.49
2020-03-27,00:00:02,Clear,clear-night,0.01,0.0003,4,11.85
2020-03-27,01:00:04,Clear,clear-night,0,0,4,12.22
2020-03-27,02:00:02,Clear,clear-night,0,0,4,12.58
2020-03-27,03:00:03,Clear,clear-night,0,0,4,12.8
2020-03-27,04:00:03,Clear,clear-night,0,0,3,12.65
2020-03-27,05:00:04,Clear,clear-night,0,0,3,12.36
2020-03-27,06:00:03,Clear,clear-day,0,0,3,12.32
2020-03-27,07:00:03,Clear,clear-day,0,0,5,13.87
2020-03-27,08:00:02,Clear,clear-day,0,0,6,14.6
2020-03-27,09:00:03,Clear,clear-day,0,0,7,15.34
2020-03-27,10:00:03,Clear,clear-day,0,0,8,16.08
2020-03-27,11:00:04,Clear,clear-day,0,0,9,16.88
2020-03-27,12:00:04,Clear,clear-day,0,0,10,17.77
2020-03-27,13:00:05,Clear,clear-day,0,0,10,18.74
2020-03-27,14:00:03,Clear,clear-day,0,0,10,19.75
2020-03-27,15:00:03,Clear,clear-day,0,0,9,20.24
2020-03-27,16:00:02,Clear,clear-day,0,0,9,19.82
2020-03-27,17:00:02,Clear,clear-day,0,0,8,18.89
2020-03-27,18:00:02,Clear,clear-night,0,0,8,17.72
2020-03-27,19:00:02,Clear,clear-night,0.01,0.0002,8,17.68
2020-03-27,20:00:02,Clear,clear-night,0.01,0.0002,8,16.91
2020-03-27,21:00:04,Clear,clear-night,0,0,7,16.17
2020-03-27,22:00:03,Clear,clear-night,0,0,7,15.46
2020-03-27,23:00:04,Clear,clear-night,0,0,6,14.79
2020-03-28,00:00:01,Clear,clear-night,0,0,6,14.49
2020-03-28,01:00:03,Clear,clear-night,0,0,6,14.3
2020-03-28,02:00:04,Clear,clear-night,0,0,5,14.26
2020-03-28,03:00:02,Clear,clear-night,0,0,5,14.31
2020-03-28,04:00:04,Clear,clear-night,0,0,5,14.38
2020-03-28,05:00:02,Clear,clear-night,0.01,0.0002,5,14.52
2020-03-28,06:00:01,Clear,clear-day,0.01,0.0003,5,14.87
2020-03-28,07:00:01,Clear,clear-day,0,0,6,15.6
2020-03-28,08:00:02,Clear,clear-day,0,0,7,16.72
2020-03-28,09:00:02,Clear,clear-day,0,0,7,17.66
2020-03-28,10:00:02,Clear,clear-day,0,0,8,18.06
2020-03-28,11:00:02,Clear,clear-day,0,0,9,18.22
2020-03-28,12:00:02,Clear,clear-day,0,0,9,18.87
2020-03-28,13:00:01,Clear,clear-day,0,0,9,20.02
2020-03-28,14:00:03,Clear,clear-day,0,0,8,21.46
2020-03-28,15:00:03,Clear,clear-day,0,0,8,22.62
2020-03-28,16:00:04,Clear,clear-day,0,0,7,23.32
2020-03-28,17:00:03,Clear,clear-day,0.01,0.0004,7,23.79
2020-03-28,18:00:03,Clear,clear-night,0.02,0.0003,7,24.1
2020-03-28,19:00:02,"Partly Cloudy",partly-cloudy-night,0.02,0.0004,7,23.12
2020-03-28,20:00:03,"Partly Cloudy",partly-cloudy-night,0.02,0.0004,6,22.31
2020-03-28,21:00:04,"Partly Cloudy",partly-cloudy-night,0.02,0.0004,6,21.63
2020-03-28,22:00:07,"Partly Cloudy",partly-cloudy-night,0,0,6,21.1
2020-03-28,23:00:03,"Partly Cloudy",partly-cloudy-night,0,0,6,20.82
2020-03-29,00:00:02,"Mostly Cloudy",partly-cloudy-night,0,0,6,21.07
2020-03-29,01:00:02,"Partly Cloudy",partly-cloudy-night,0,0,6,21.81
2020-03-29,02:00:04,Clear,clear-night,0.02,0.0006,5,23.04
2020-03-29,03:00:03,Clear,clear-night,0.03,0.001,5,24.25
2020-03-29,04:00:01,Windy,wind,0.03,0.0007,5,25.34
2020-03-29,05:00:04,Windy,wind,0,0,4,26.42
2020-03-29,06:00:02,"Windy and Partly Cloudy",wind,0,0,4,27.23
2020-03-29,07:00:01,"Windy and Partly Cloudy",wind,0,0,4,28.46
2020-03-29,08:00:03,Windy,wind,0,0,4,30.58
2020-03-29,09:00:02,Windy,wind,0,0,4,31.25
2020-03-29,10:00:02,Windy,wind,0,0,5,30.83
2020-03-29,11:00:03,Windy,wind,0,0,5,29.72
2020-03-29,12:00:03,Windy,wind,0,0,5,28.76
2020-03-29,13:00:03,Windy,wind,0,0,5,27.85
2020-03-29,14:00:03,Windy,wind,0,0,5,26.89
2020-03-29,15:00:03,Windy,wind,0,0,4,25.58
2020-03-29,16:00:04,Clear,clear-day,0,0,4,23.7
2020-03-29,17:00:03,Clear,clear-day,0,0,4,21.47
2020-03-29,18:00:04,Clear,clear-night,0,0,4,19.28
2020-03-29,19:00:03,Clear,clear-night,0,0,4,18.05
2020-03-29,20:00:04,Clear,clear-night,0,0,4,15.89
2020-03-29,21:00:03,Clear,clear-night,0.02,0.0002,3,13.93
2020-03-29,22:00:06,Clear,clear-night,0.02,0.0002,3,12.17
2020-03-29,23:00:04,Clear,clear-night,0.02,0.0003,3,10.63
2020-03-30,00:00:04,Clear,clear-night,0.02,0.0004,3,9.78
2020-03-30,01:00:02,"Partly Cloudy",partly-cloudy-night,0.02,0.0003,2,9
2020-03-30,02:00:01,"Mostly Cloudy",partly-cloudy-night,0.02,0.0002,2,8.59
2020-03-30,03:00:06,Overcast,cloudy,0.02,0.0003,3,8.67
2020-03-30,04:00:03,"Mostly Cloudy",partly-cloudy-night,0.04,0.002,3,9.55
2020-03-30,05:00:05,"Mostly Cloudy",partly-cloudy-night,0.15,0.0075,3,10.92
2020-03-30,06:00:01,"Mostly Cloudy",partly-cloudy-day,0.2,0.0099,3,13.29
2020-03-30,07:00:04,"Mostly Cloudy",partly-cloudy-day,0.21,0.0068,4,14.22
2020-03-30,08:00:02,Overcast,cloudy,0.14,0.0031,5,15.37
2020-03-30,09:00:03,Overcast,cloudy,0.13,0.003,7,16.28
2020-03-30,10:00:02,Overcast,cloudy,0.19,0.0057,7,17.07
2020-03-30,11:00:03,"Possible Drizzle",rain,0.28,0.014,8,17.68
2020-03-30,12:00:04,"Possible Light Rain",rain,0.3,0.021,8,18.23
2020-03-30,13:00:02,Overcast,cloudy,0.22,0.0139,8,17.73
2020-03-30,14:00:03,"Mostly Cloudy",partly-cloudy-day,0.13,0.0051,8,16.8
2020-03-30,15:00:03,"Mostly Cloudy",partly-cloudy-day,0.09,0.0024,7,15.84
2020-03-30,16:00:01,"Mostly Cloudy",partly-cloudy-day,0.06,0.0016,7,14.85
2020-03-30,17:00:03,"Partly Cloudy",partly-cloudy-day,0.04,0.001,7,13.82
2020-03-30,18:00:03,"Partly Cloudy",partly-cloudy-day,0.02,0.0004,6,12.84
2020-03-30,19:00:03,"Partly Cloudy",partly-cloudy-night,0.02,0.0003,6,12.93
2020-03-30,20:00:01,Clear,clear-night,0.02,0.0003,6,13.11
2020-03-30,21:00:02,Clear,clear-night,0.02,0.0004,5,12.09
2020-03-30,22:00:05,Clear,clear-night,0.01,0.0003,4,11.87
2020-03-30,23:00:04,Clear,clear-night,0,0,3,12.22
2020-03-31,00:00:04,Clear,clear-night,0,0,3,11.11
2020-03-31,01:00:01,Clear,clear-night,0,0,2,9.99
2020-03-31,02:00:05,Clear,clear-night,0,0,2,8.64
2020-03-31,03:00:03,Clear,clear-night,0,0,1,7.49
2020-03-31,04:00:01,Clear,clear-night,0,0,1,6.76
2020-03-31,05:00:04,Clear,clear-night,0,0,1,6.28
2020-03-31,06:00:04,Clear,clear-day,0,0,1,5.92
2020-03-31,07:00:02,Clear,clear-day,0,0,2,7.68
2020-03-31,08:00:04,Clear,clear-day,0,0,4,8.2
2020-03-31,09:00:01,Clear,clear-day,0.01,0.0003,5,8.56
2020-03-31,10:00:02,Clear,clear-day,0,0,6,8.47
2020-03-31,11:00:01,Clear,clear-day,0,0,7,8.16
2020-03-31,12:00:02,Clear,clear-day,0,0,7,7.79
2020-03-31,13:00:03,Clear,clear-day,0,0,7,7.89
2020-03-31,14:00:03,Clear,clear-day,0,0,7,8.05
2020-03-31,15:00:02,Clear,clear-day,0,0,6,7.93
2020-03-31,16:00:03,Clear,clear-day,0,0,5,7.23
2020-03-31,17:00:01,Clear,clear-day,0,0,5,6.26
2020-03-31,18:00:02,Clear,clear-day,0,0,4,5.25
2020-03-31,19:00:02,Clear,clear-night,0,0,4,5.22
2020-03-31,20:00:01,Clear,clear-night,0,0,3,5.4
2020-03-31,21:00:03,"Partly Cloudy",partly-cloudy-night,0,0,3,5.79
2020-03-31,22:00:02,"Partly Cloudy",partly-cloudy-night,0,0,2,6.47
2020-03-31,23:00:03,"Partly Cloudy",partly-cloudy-night,0,0,2,7.39
2020-04-01,00:00:01,"Mostly Cloudy",partly-cloudy-night,0,0,2,8.35
2020-04-01,01:00:03,"Mostly Cloudy",partly-cloudy-night,0,0,2,9.08
2020-04-01,02:00:03,"Partly Cloudy",partly-cloudy-night,0,0,2,9.68
2020-04-01,03:00:05,"Partly Cloudy",partly-cloudy-night,0.02,0.0003,2,10.12
2020-04-01,04:00:06,"Partly Cloudy",partly-cloudy-night,0.02,0.0004,2,10.32
2020-04-01,05:00:03,"Mostly Cloudy",partly-cloudy-night,0.04,0.0009,3,10.37
2020-04-01,06:00:02,Overcast,cloudy,0.05,0.0013,3,10.57
2020-04-01,07:00:02,Overcast,cloudy,0.04,0.0006,4,11.4
2020-04-01,08:00:04,Overcast,cloudy,0.03,0.0005,6,12.13
2020-04-01,09:00:03,Overcast,cloudy,0.03,0.0007,7,12.85
2020-04-01,10:00:04,Overcast,cloudy,0.04,0.001,8,13.65
2020-04-01,11:00:02,Overcast,cloudy,0.04,0.0014,8,14.42
2020-04-01,12:00:03,Overcast,cloudy,0.06,0.0018,8,15.23
2020-04-01,13:00:03,"Mostly Cloudy",partly-cloudy-day,0.05,0.0017,8,15.06
2020-04-01,14:00:03,"Mostly Cloudy",partly-cloudy-day,0.04,0.0014,8,14.51
2020-04-01,15:00:02,"Partly Cloudy",partly-cloudy-day,0.04,0.0011,8,13.82
2020-04-01,16:00:02,"Partly Cloudy",partly-cloudy-day,0.03,0.0008,7,13.04
2020-04-01,17:00:04,"Partly Cloudy",partly-cloudy-day,0.02,0.0006,7,12.11
2020-04-01,18:00:03,"Mostly Cloudy",partly-cloudy-day,0.02,0.0004,6,11.15
2020-04-01,19:00:03,"Partly Cloudy",partly-cloudy-night,0.02,0.0003,6,10.66
2020-04-01,20:00:04,"Partly Cloudy",partly-cloudy-night,0.01,0.0002,5,10.51
2020-04-01,21:00:03,Clear,clear-night,0.01,0.0003,5,10.43
2020-04-01,22:00:01,"Partly Cloudy",partly-cloudy-night,0.03,0.0004,4,10.58
2020-04-01,23:00:02,"Partly Cloudy",partly-cloudy-night,0.04,0.0007,4,10.79
2020-04-02,00:00:02,"Mostly Cloudy",partly-cloudy-night,0.04,0.0007,4,11.1
2020-04-02,01:00:02,"Mostly Cloudy",partly-cloudy-night,0.04,0.0006,4,11.02
2020-04-02,02:00:03,"Partly Cloudy",partly-cloudy-night,0.04,0.0004,4,10.88
2020-04-02,03:00:03,"Partly Cloudy",partly-cloudy-night,0.03,0.0003,4,10.97
2020-04-02,04:00:03,"Partly Cloudy",partly-cloudy-night,0,0,3,11.48
2020-04-02,05:00:02,"Partly Cloudy",partly-cloudy-night,0,0,3,12.25
2020-04-02,06:00:02,Clear,clear-day,0,0,3,13.32
2020-04-02,07:00:01,Clear,clear-day,0.02,0.0003,5,14.28
2020-04-02,08:00:03,Clear,clear-day,0.03,0.0003,7,16.14
2020-04-02,09:00:01,Clear,clear-day,0.03,0.0003,9,18.05
2020-04-02,10:00:02,Clear,clear-day,0,0,10,20.06
2020-04-02,11:00:01,Clear,clear-day,0,0,10,22.11
2020-04-02,12:00:03,Clear,clear-day,0,0,10,23.75
2020-04-02,13:00:01,Clear,clear-day,0.02,0.0002,10,24.22
2020-04-02,14:00:02,Clear,clear-day,0.03,0.0004,9,24.04
2020-04-02,15:00:01,"Partly Cloudy",partly-cloudy-day,0.03,0.0004,9,23.77
2020-04-02,16:00:04,"Partly Cloudy",partly-cloudy-day,0.04,0.0005,9,23.77
2020-04-02,17:00:02,"Partly Cloudy",partly-cloudy-day,0.05,0.0009,9,23.74
2020-04-02,18:00:01,"Mostly Cloudy",partly-cloudy-day,0.06,0.0011,9,22
2020-04-02,19:00:03,"Mostly Cloudy",partly-cloudy-night,0.06,0.0012,8,20.71
2020-04-02,20:00:02,Overcast,cloudy,0.06,0.0012,8,18.44
2020-04-02,21:00:03,Overcast,cloudy,0.05,0.0012,7,17.15
2020-04-02,22:00:02,Overcast,cloudy,0.04,0.0009,6,15.4
2020-04-02,23:00:03,Overcast,cloudy,0.03,0.0006,5,15.4
2020-04-03,00:00:03,"Mostly Cloudy",partly-cloudy-night,0.03,0.0002,5,15.05
2020-04-03,01:00:04,"Mostly Cloudy",partly-cloudy-night,0,0,4,15.25
2020-04-03,02:00:03,"Partly Cloudy",partly-cloudy-night,0,0,4,15.57
2020-04-03,03:00:01,Clear,clear-night,0,0,4,15.65
2020-04-03,04:00:02,Clear,clear-night,0,0,4,15.3
2020-04-03,05:00:03,Clear,clear-night,0,0,4,14.73
2020-04-03,06:00:03,Clear,clear-day,0,0,4,14.07
2020-04-03,07:00:03,Clear,clear-day,0,0,5,12.92
2020-04-03,08:00:05,Clear,clear-day,0.02,0.0004,6,13.25
2020-04-03,09:00:03,"Partly Cloudy",partly-cloudy-day,0.02,0.0007,7,13.47
2020-04-03,10:00:02,"Partly Cloudy",partly-cloudy-day,0.02,0.0006,7,13.34
2020-04-03,11:00:07,"Partly Cloudy",partly-cloudy-day,0.03,0.0004,8,13.13
2020-04-03,12:00:03,"Mostly Cloudy",partly-cloudy-day,0.03,0.0005,8,13.17
2020-04-03,13:00:03,"Mostly Cloudy",partly-cloudy-day,0.04,0.0004,8,13.94
2020-04-03,14:00:02,"Mostly Cloudy",partly-cloudy-day,0.03,0.0003,8,14.49
2020-04-03,15:00:03,"Mostly Cloudy",partly-cloudy-day,0.03,0.0003,7,14.64
